{
  "started_at": "20260416_214011",
  "params": {
    "samples": 1000,
    "block_runs": 1,
    "min_samples": 5000,
    "max_samples": 30000,
    "mde_pct": 0.1,
    "confidence": 0.95,
    "warmup": 100,
    "timeout": 60,
    "min_looks": 10,
    "stability_window": 8,
    "max_cv_change_pct": 0.1,
    "fixed_order": false
  },
  "final_decision": "PRACTICALLY_EQUIVALENT",
  "total_c_latencies": 25974,
  "total_rust_latencies": 25974,
  "looks": [
    {
      "look": 1,
      "run_order": "C->RUST",
      "new_c_logs": 1,
      "new_r_logs": 1,
      "new_c_latencies": 999,
      "new_r_latencies": 999,
      "total_c_latencies": 999,
      "total_r_latencies": 999,
      "mean_c_ms": 11.26748148148148,
      "std_c_ms": 0.6171429203804892,
      "cv_c_pct": 5.4772037690480015,
      "mean_rust_ms": 11.356917917917917,
      "std_rust_ms": 0.3915930841529023,
      "cv_rust_pct": 3.44805771234009,
      "diff_ms_c_minus_rust": -0.0894364364364364,
      "diff_ci_low_ms": -0.13475974110202876,
      "diff_ci_high_ms": -0.04411313177084404,
      "rel_diff_pct": -0.790619320827678,
      "rel_ci_low_pct": -1.1912779537087397,
      "rel_ci_high_pct": -0.3899606879466166
    },
    {
      "look": 2,
      "run_order": "RUST->C",
      "new_c_logs": 1,
      "new_r_logs": 1,
      "new_c_latencies": 999,
      "new_r_latencies": 999,
      "total_c_latencies": 1998,
      "total_r_latencies": 1998,
      "mean_c_ms": 11.287413413413413,
      "std_c_ms": 0.5596444962684486,
      "cv_c_pct": 4.958128809239806,
      "mean_rust_ms": 11.336016516516517,
      "std_rust_ms": 0.40643619030872047,
      "cv_rust_pct": 3.5853528416842466,
      "diff_ms_c_minus_rust": -0.04860310310310467,
      "diff_ci_low_ms": -0.07893101132658749,
      "diff_ci_high_ms": -0.01827519487962186,
      "rel_diff_pct": -0.42967050755468894,
      "rel_ci_low_pct": -0.697781119583152,
      "rel_ci_high_pct": -0.1615598955262259
    },
    {
      "look": 3,
      "run_order": "C->RUST",
      "new_c_logs": 1,
      "new_r_logs": 1,
      "new_c_latencies": 999,
      "new_r_latencies": 999,
      "total_c_latencies": 2997,
      "total_r_latencies": 2997,
      "mean_c_ms": 11.292556222889555,
      "std_c_ms": 0.5353661125106014,
      "cv_c_pct": 4.74087621919859,
      "mean_rust_ms": 11.333025358692025,
      "std_rust_ms": 0.4042676099130536,
      "cv_rust_pct": 3.5671640812397447,
      "diff_ms_c_minus_rust": -0.04046913580246958,
      "diff_ci_low_ms": -0.06448701767147326,
      "diff_ci_high_ms": -0.0164512539334659,
      "rel_diff_pct": -0.35772902151972613,
      "rel_ci_low_pct": -0.5700363320072099,
      "rel_ci_high_pct": -0.1454217110322423
    },
    {
      "look": 4,
      "run_order": "RUST->C",
      "new_c_logs": 1,
      "new_r_logs": 1,
      "new_c_latencies": 999,
      "new_r_latencies": 999,
      "total_c_latencies": 3996,
      "total_r_latencies": 3996,
      "mean_c_ms": 11.30947097097097,
      "std_c_ms": 0.5068627711166882,
      "cv_c_pct": 4.481754915129967,
      "mean_rust_ms": 11.316504504504504,
      "std_rust_ms": 0.43711012892718826,
      "cv_rust_pct": 3.8625896252080114,
      "diff_ms_c_minus_rust": -0.007033533533533642,
      "diff_ci_low_ms": -0.027785645648175792,
      "diff_ci_high_ms": 0.013718578581108507,
      "rel_diff_pct": -0.062172201513763334,
      "rel_ci_low_pct": -0.2456083776656873,
      "rel_ci_high_pct": 0.1212639746381606
    },
    {
      "look": 5,
      "run_order": "C->RUST",
      "new_c_logs": 1,
      "new_r_logs": 1,
      "new_c_latencies": 999,
      "new_r_latencies": 999,
      "total_c_latencies": 4995,
      "total_r_latencies": 4995,
      "mean_c_ms": 11.309428828828828,
      "std_c_ms": 0.504531904264373,
      "cv_c_pct": 4.461161672270065,
      "mean_rust_ms": 11.311856056056056,
      "std_rust_ms": 0.44961850814251186,
      "cv_rust_pct": 3.9747545046049138,
      "diff_ms_c_minus_rust": -0.0024272272272281015,
      "diff_ci_low_ms": -0.02116855025809813,
      "diff_ci_high_ms": 0.016314095803641928,
      "rel_diff_pct": -0.02145967604917021,
      "rel_ci_low_pct": -0.18715603791579985,
      "rel_ci_high_pct": 0.14423668581745944
    },
    {
      "look": 6,
      "run_order": "RUST->C",
      "new_c_logs": 1,
      "new_r_logs": 1,
      "new_c_latencies": 999,
      "new_r_latencies": 999,
      "total_c_latencies": 5994,
      "total_r_latencies": 5994,
      "mean_c_ms": 11.30618151484818,
      "std_c_ms": 0.5079109418631537,
      "cv_c_pct": 4.492329626904755,
      "mean_rust_ms": 11.292982649315984,
      "std_rust_ms": 0.4904417542712314,
      "cv_rust_pct": 4.342889469514393,
      "diff_ms_c_minus_rust": 0.01319886553219618,
      "diff_ci_low_ms": -0.004675276106652259,
      "diff_ci_high_ms": 0.03107300717104462,
      "rel_diff_pct": 0.11680843978403253,
      "rel_ci_low_pct": -0.041375655070163296,
      "rel_ci_high_pct": 0.27499253463822837
    },
    {
      "look": 7,
      "run_order": "C->RUST",
      "new_c_logs": 1,
      "new_r_logs": 1,
      "new_c_latencies": 999,
      "new_r_latencies": 999,
      "total_c_latencies": 6993,
      "total_r_latencies": 6993,
      "mean_c_ms": 11.300858429858431,
      "std_c_ms": 0.512196758789778,
      "cv_c_pct": 4.532370367869429,
      "mean_rust_ms": 11.285701844701844,
      "std_rust_ms": 0.5061446654755251,
      "cv_rust_pct": 4.484831093718274,
      "diff_ms_c_minus_rust": 0.015156585156587354,
      "diff_ci_low_ms": -0.0017206930371715806,
      "diff_ci_high_ms": 0.03203386335034629,
      "rel_diff_pct": 0.13420888326814898,
      "rel_ci_low_pct": -0.015236432783522453,
      "rel_ci_high_pct": 0.2836541993198204
    },
    {
      "look": 8,
      "run_order": "RUST->C",
      "new_c_logs": 1,
      "new_r_logs": 1,
      "new_c_latencies": 999,
      "new_r_latencies": 999,
      "total_c_latencies": 7992,
      "total_r_latencies": 7992,
      "mean_c_ms": 11.304073573573573,
      "std_c_ms": 0.503817437027965,
      "cv_c_pct": 4.456954687607297,
      "mean_rust_ms": 11.284058933933933,
      "std_rust_ms": 0.5098559322110775,
      "cv_rust_pct": 4.518373532043649,
      "diff_ms_c_minus_rust": 0.020014639639640563,
      "diff_ci_low_ms": 0.004299758582880488,
      "diff_ci_high_ms": 0.03572952069640064,
      "rel_diff_pct": 0.17721376154481472,
      "rel_ci_low_pct": 0.03807095235917709,
      "rel_ci_high_pct": 0.3163565707304523
    },
    {
      "look": 9,
      "run_order": "C->RUST",
      "new_c_logs": 1,
      "new_r_logs": 1,
      "new_c_latencies": 999,
      "new_r_latencies": 999,
      "total_c_latencies": 8991,
      "total_r_latencies": 8991,
      "mean_c_ms": 11.303868201534868,
      "std_c_ms": 0.5001152613331586,
      "cv_c_pct": 4.424284257536298,
      "mean_rust_ms": 11.28018307196085,
      "std_rust_ms": 0.5179632743522491,
      "cv_rust_pct": 4.591798475680331,
      "diff_ms_c_minus_rust": 0.023685129574017694,
      "diff_ci_low_ms": 0.0088025880456458,
      "diff_ci_high_ms": 0.03856767110238959,
      "rel_diff_pct": 0.20975093695269975,
      "rel_ci_low_pct": 0.07795402108368729,
      "rel_ci_high_pct": 0.3415478528217122
    },
    {
      "look": 10,
      "run_order": "RUST->C",
      "new_c_logs": 1,
      "new_r_logs": 1,
      "new_c_latencies": 999,
      "new_r_latencies": 999,
      "total_c_latencies": 9990,
      "total_r_latencies": 9990,
      "mean_c_ms": 11.299564664664665,
      "std_c_ms": 0.5085066100281778,
      "cv_c_pct": 4.500231868386486,
      "mean_rust_ms": 11.281967067067066,
      "std_rust_ms": 0.5117655484601873,
      "cv_rust_pct": 4.536137585032228,
      "diff_ms_c_minus_rust": 0.01759759759759838,
      "diff_ci_low_ms": 0.0034504592621789933,
      "diff_ci_high_ms": 0.03174473593301777,
      "rel_diff_pct": 0.1558583164920572,
      "rel_ci_low_pct": 0.03056001074834426,
      "rel_ci_high_pct": 0.28115662223577015
    },
    {
      "look": 11,
      "run_order": "C->RUST",
      "new_c_logs": 1,