{
  "started_at": "20260416_184547",
  "params": {
    "samples": 1000,
    "block_runs": 1,
    "min_samples": 5000,
    "max_samples": 30000,
    "mde_pct": 1.0,
    "confidence": 0.95,
    "warmup": 100,
    "timeout": 60,
    "min_looks": 10,
    "stability_window": 8,
    "max_cv_change_pct": 0.1,
    "fixed_order": false
  },
  "final_decision": "PRACTICALLY_EQUIVALENT",
  "total_c_latencies": 24975,
  "total_rust_latencies": 24975,
  "looks": [
    {
      "look": 1,
      "run_order": "C->RUST",
      "new_c_logs": 1,
      "new_r_logs": 1,
      "new_c_latencies": 999,
      "new_r_latencies": 999,
      "total_c_latencies": 999,
      "total_r_latencies": 999,
      "mean_c_ms": 11.222914914914915,
      "std_c_ms": 0.6161805211437974,
      "cv_c_pct": 5.490378621020392,
      "mean_rust_ms": 11.312389389389388,
      "std_rust_ms": 0.45838103131266467,
      "cv_rust_pct": 4.052026636765257,
      "diff_ms_c_minus_rust": -0.0894744744744731,
      "diff_ci_low_ms": -0.1370972430792485,
      "diff_ci_high_ms": -0.04185170586969769,
      "rel_diff_pct": -0.7940826825878116,
      "rel_ci_low_pct": -1.2167330090418398,
      "rel_ci_high_pct": -0.3714323561337834
    },
    {
      "look": 2,
      "run_order": "RUST->C",
      "new_c_logs": 1,
      "new_r_logs": 1,
      "new_c_latencies": 999,
      "new_r_latencies": 999,
      "total_c_latencies": 1998,
      "total_r_latencies": 1998,
      "mean_c_ms": 11.264748248248248,
      "std_c_ms": 0.562172306982959,
      "cv_c_pct": 4.990544791539224,
      "mean_rust_ms": 11.334862362362362,
      "std_rust_ms": 0.4034194845264271,
      "cv_rust_pct": 3.55910351294595,
      "diff_ms_c_minus_rust": -0.07011411411411395,
      "diff_ci_low_ms": -0.10045446571830183,
      "diff_ci_high_ms": -0.03977376250992606,
      "rel_diff_pct": -0.6204895767646109,
      "rel_ci_low_pct": -0.8889928897371182,
      "rel_ci_high_pct": -0.3519862637921037
    },
    {
      "look": 3,
      "run_order": "C->RUST",
      "new_c_logs": 1,
      "new_r_logs": 1,
      "new_c_latencies": 999,
      "new_r_latencies": 999,
      "total_c_latencies": 2997,
      "total_r_latencies": 2997,
      "mean_c_ms": 11.271273273273273,
      "std_c_ms": 0.5523507184310207,
      "cv_c_pct": 4.900517492915096,
      "mean_rust_ms": 11.337436102769436,
      "std_rust_ms": 0.3945230659974549,
      "cv_rust_pct": 3.479826147827932,
      "diff_ms_c_minus_rust": -0.0661628294961627,
      "diff_ci_low_ms": -0.09046430079405574,
      "diff_ci_high_ms": -0.04186135819826967,
      "rel_diff_pct": -0.5852862133410592,
      "rel_ci_low_pct": -0.8002606366369246,
      "rel_ci_high_pct": -0.3703117900451939
    },
    {
      "look": 4,
      "run_order": "RUST->C",
      "new_c_logs": 1,
      "new_r_logs": 1,
      "new_c_latencies": 999,
      "new_r_latencies": 999,
      "total_c_latencies": 3996,
      "total_r_latencies": 3996,
      "mean_c_ms": 11.285454454454454,
      "std_c_ms": 0.5345108843930083,
      "cv_c_pct": 4.736281436872335,
      "mean_rust_ms": 11.320853603603604,
      "std_rust_ms": 0.43646950681290314,
      "cv_rust_pct": 3.855446966242617,
      "diff_ms_c_minus_rust": -0.03539914914914988,
      "diff_ci_low_ms": -0.05679519273906715,
      "diff_ci_high_ms": -0.014003105559232603,
      "rel_diff_pct": -0.31317939274504214,
      "rel_ci_low_pct": -0.5024720763178524,
      "rel_ci_high_pct": -0.12388670917223188
    },
    {
      "look": 5,
      "run_order": "C->RUST",
      "new_c_logs": 1,
      "new_r_logs": 1,
      "new_c_latencies": 999,
      "new_r_latencies": 999,
      "total_c_latencies": 4995,
      "total_r_latencies": 4995,
      "mean_c_ms": 11.288541741741742,
      "std_c_ms": 0.5266095577949592,
      "cv_c_pct": 4.6649918992433745,
      "mean_rust_ms": 11.31930990990991,
      "std_rust_ms": 0.4407375958617316,
      "cv_rust_pct": 3.893679026102744,
      "diff_ms_c_minus_rust": -0.03076816816816752,
      "diff_ci_low_ms": -0.049811904723187486,
      "diff_ci_high_ms": -0.01172443161314755,
      "rel_diff_pct": -0.2721901102524238,
      "rel_ci_low_pct": -0.4406602227465377,
      "rel_ci_high_pct": -0.10371999775830981
    },
    {
      "look": 6,
      "run_order": "RUST->C",
      "new_c_logs": 1,
      "new_r_logs": 1,
      "new_c_latencies": 999,
      "new_r_latencies": 999,
      "total_c_latencies": 5994,
      "total_r_latencies": 5994,
      "mean_c_ms": 11.297734234234236,
      "std_c_ms": 0.5152320409335271,
      "cv_c_pct": 4.560490008450351,
      "mean_rust_ms": 11.314444778111445,
      "std_rust_ms": 0.4561137900326629,
      "cv_rust_pct": 4.0312520762401505,
      "diff_ms_c_minus_rust": -0.016710543877209716,
      "diff_ci_low_ms": -0.0341306772964966,
      "diff_ci_high_ms": 0.0007095895420771714,
      "rel_diff_pct": -0.14780126999778465,
      "rel_ci_low_pct": -0.30187871127202837,
      "rel_ci_high_pct": 0.006276171276459056
    },
    {
      "look": 7,
      "run_order": "C->RUST",
      "new_c_logs": 1,
      "new_r_logs": 1,
      "new_c_latencies": 999,
      "new_r_latencies": 999,
      "total_c_latencies": 6993,
      "total_r_latencies": 6993,
      "mean_c_ms": 11.303300443300444,
      "std_c_ms": 0.4991048766386969,
      "cv_c_pct": 4.4155676401092245,
      "mean_rust_ms": 11.318117403117403,
      "std_rust_ms": 0.4448652401517955,
      "cv_rust_pct": 3.9305586283215628,
      "diff_ms_c_minus_rust": -0.014816959816959852,
      "diff_ci_low_ms": -0.030487187814297812,
      "diff_ci_high_ms": 0.0008532681803781091,
      "rel_diff_pct": -0.1309993910864093,
      "rel_ci_low_pct": -0.26954267872405285,
      "rel_ci_high_pct": 0.007543896551234307
    },
    {
      "look": 8,
      "run_order": "RUST->C",
      "new_c_logs": 1,
      "new_r_logs": 1,
      "new_c_latencies": 999,
      "new_r_latencies": 999,
      "total_c_latencies": 7992,
      "total_r_latencies": 7992,
      "mean_c_ms": 11.301933683683684,
      "std_c_ms": 0.5004877546935759,
      "cv_c_pct": 4.428337386336971,
      "mean_rust_ms": 11.314639764764765,
      "std_rust_ms": 0.45183293412582326,
      "cv_rust_pct": 3.993347941424426,
      "diff_ms_c_minus_rust": -0.012706081081081066,
      "diff_ci_low_ms": -0.02748881123122966,
      "diff_ci_high_ms": 0.002076649069067526,
      "rel_diff_pct": -0.11236079691773763,
      "rel_ci_low_pct": -0.24308555222909292,
      "rel_ci_high_pct": 0.01836395839361766
    },
    {
      "look": 9,
      "run_order": "C->RUST",
      "new_c_logs": 1,
      "new_r_logs": 1,
      "new_c_latencies": 999,
      "new_r_latencies": 999,
      "total_c_latencies": 8991,
      "total_r_latencies": 8991,
      "mean_c_ms": 11.298748637526415,
      "std_c_ms": 0.5035012089354133,
      "cv_c_pct": 4.456256396953022,
      "mean_rust_ms": 11.315102102102102,
      "std_rust_ms": 0.44956029986129337,
      "cv_rust_pct": 3.9730998077142825,
      "diff_ms_c_minus_rust": -0.01635346457568687,
      "diff_ci_low_ms": -0.030305722489010735,
      "diff_ci_high_ms": -0.0024012066623630077,
      "rel_diff_pct": -0.1446322854429127,
      "rel_ci_low_pct": -0.2680279695655988,
      "rel_ci_high_pct": -0.02123660132022657
    },
    {
      "look": 10,
      "run_order": "RUST->C",
      "new_c_logs": 1,
      "new_r_logs": 1,
      "new_c_latencies": 999,
      "new_r_latencies": 999,
      "total_c_latencies": 9990,
      "total_r_latencies": 9990,
      "mean_c_ms": 11.300643243243243,
      "std_c_ms": 0.4997042086851854,
      "cv_c_pct": 4.421909425235268,
      "mean_rust_ms": 11.310111911911912,
      "std_rust_ms": 0.46302519894341654,
      "cv_rust_pct": 4.093904662921631,
      "diff_ms_c_minus_rust": -0.009468668668668911,
      "diff_ci_low_ms": -0.022827533476842857,
      "diff_ci_high_ms": 0.0038901961395050345,
      "rel_diff_pct": -0.08375367035461526,
      "rel_ci_low_pct": -0.20191747971441176,
      "rel_ci_high_pct": 0.03441013900518123
    },
    {
      "look": 11,